image,label,category
..\dataset\Train\forest\forest_000001.png,forest,1
..\dataset\Train\forest\forest_000003.png,forest,1
..\dataset\Train\forest\forest_000005.png,forest,1
..\dataset\Train\forest\forest_000006.png,forest,1
..\dataset\Train\forest\forest_000008.png,forest,1
..\dataset\Train\forest\forest_000009.png,forest,1
..\dataset\Train\forest\forest_000010.png,forest,1
..\dataset\Train\forest\forest_000012.png,forest,1
..\dataset\Train\forest\forest_000013.png,forest,1
..\dataset\Train\forest\forest_000014.png,forest,1
..\dataset\Train\forest\forest_000015.png,forest,1
..\dataset\Train\forest\forest_000016.png,forest,1
..\dataset\Train\forest\forest_000018.png,forest,1
..\dataset\Train\forest\forest_000019.png,forest,1
..\dataset\Train\forest\forest_000020.png,forest,1
..\dataset\Train\forest\forest_000024.png,forest,1
..\dataset\Train\forest\forest_000025.png,forest,1
..\dataset\Train\forest\forest_000027.png,forest,1
..\dataset\Train\forest\forest_000029.png,forest,1
..\dataset\Train\forest\forest_000030.png,forest,1
..\dataset\Train\forest\forest_000032.png,forest,1
..\dataset\Train\forest\forest_000033.png,forest,1
..\dataset\Train\forest\forest_000035.png,forest,1
..\dataset\Train\forest\forest_000036.png,forest,1
..\dataset\Train\forest\forest_000037.png,forest,1
..\dataset\Train\forest\forest_000038.png,forest,1
..\dataset\Train\forest\forest_000042.png,forest,1
..\dataset\Train\forest\forest_000045.png,forest,1
..\dataset\Train\forest\forest_000047.png,forest,1
..\dataset\Train\forest\forest_000049.png,forest,1
..\dataset\Train\forest\forest_000051.png,forest,1
..\dataset\Train\forest\forest_000053.png,forest,1
..\dataset\Train\forest\forest_000055.png,forest,1
..\dataset\Train\forest\forest_000057.png,forest,1
..\dataset\Train\forest\forest_000058.png,forest,1
..\dataset\Train\forest\forest_000060.png,forest,1
..\dataset\Train\forest\forest_000061.png,forest,1
..\dataset\Train\forest\forest_000062.png,forest,1
..\dataset\Train\forest\forest_000063.png,forest,1
..\dataset\Train\forest\forest_000064.png,forest,1
..\dataset\Train\forest\forest_000065.png,forest,1
..\dataset\Train\forest\forest_000066.png,forest,1
..\dataset\Train\forest\forest_000067.png,forest,1
..\dataset\Train\forest\forest_000068.png,forest,1
..\dataset\Train\forest\forest_000069.png,forest,1
..\dataset\Train\forest\forest_000070.png,forest,1
..\dataset\Train\forest\forest_000071.png,forest,1
..\dataset\Train\forest\forest_000072.png,forest,1
..\dataset\Train\forest\forest_000073.png,forest,1
..\dataset\Train\forest\forest_000075.png,forest,1
..\dataset\Train\forest\forest_000076.png,forest,1
..\dataset\Train\forest\forest_000077.png,forest,1
..\dataset\Train\forest\forest_000078.png,forest,1
..\dataset\Train\forest\forest_000079.png,forest,1
..\dataset\Train\forest\forest_000083.png,forest,1
..\dataset\Train\forest\forest_000084.png,forest,1
..\dataset\Train\forest\forest_000088.png,forest,1
..\dataset\Train\forest\forest_000089.png,forest,1
..\dataset\Train\forest\forest_000091.png,forest,1
..\dataset\Train\forest\forest_000092.png,forest,1
..\dataset\Train\forest\forest_000094.png,forest,1
..\dataset\Train\forest\forest_000095.png,forest,1
..\dataset\Train\forest\forest_000096.png,forest,1
..\dataset\Train\forest\forest_000097.png,forest,1
..\dataset\Train\forest\forest_000098.png,forest,1
..\dataset\Train\forest\forest_000099.png,forest,1
..\dataset\Train\forest\forest_000100.png,forest,1
..\dataset\Train\forest\forest_000101.png,forest,1
..\dataset\Train\forest\forest_000102.png,forest,1
..\dataset\Train\forest\forest_000103.png,forest,1
..\dataset\Train\forest\forest_000104.png,forest,1
..\dataset\Train\forest\forest_000105.png,forest,1
..\dataset\Train\forest\forest_000106.png,forest,1
..\dataset\Train\forest\forest_000107.png,forest,1
..\dataset\Train\forest\forest_000108.png,forest,1
..\dataset\Train\forest\forest_000109.png,forest,1
..\dataset\Train\forest\forest_000110.png,forest,1
..\dataset\Train\forest\forest_000111.png,forest,1
..\dataset\Train\forest\forest_000112.png,forest,1
..\dataset\Train\forest\forest_000113.png,forest,1
..\dataset\Train\forest\forest_000114.png,forest,1
..\dataset\Train\forest\forest_000115.png,forest,1
..\dataset\Train\forest\forest_000116.png,forest,1
..\dataset\Train\forest\forest_000117.png,forest,1
..\dataset\Train\forest\forest_000118.png,forest,1
..\dataset\Train\forest\forest_000119.png,forest,1
..\dataset\Train\forest\forest_000120.png,forest,1
..\dataset\Train\forest\forest_000121.png,forest,1
..\dataset\Train\forest\forest_000122.png,forest,1
..\dataset\Train\forest\forest_000123.png,forest,1
..\dataset\Train\forest\forest_000124.png,forest,1
..\dataset\Train\forest\forest_000126.png,forest,1
..\dataset\Train\forest\forest_000128.png,forest,1
..\dataset\Train\forest\forest_000131.png,forest,1
..\dataset\Train\forest\forest_000132.png,forest,1
..\dataset\Train\forest\forest_000133.png,forest,1
..\dataset\Train\forest\forest_000134.png,forest,1
..\dataset\Train\forest\forest_000135.png,forest,1
..\dataset\Train\forest\forest_000136.png,forest,1
..\dataset\Train\forest\forest_000138.png,forest,1
..\dataset\Train\forest\forest_000140.png,forest,1
..\dataset\Train\forest\forest_000143.png,forest,1
..\dataset\Train\forest\forest_000145.png,forest,1
..\dataset\Train\forest\forest_000147.png,forest,1
..\dataset\Train\forest\forest_000148.png,forest,1
..\dataset\Train\forest\forest_000149.png,forest,1
..\dataset\Train\forest\forest_000150.png,forest,1
..\dataset\Train\forest\forest_000151.png,forest,1
..\dataset\Train\forest\forest_000152.png,forest,1
..\dataset\Train\forest\forest_000153.png,forest,1
..\dataset\Train\forest\forest_000154.png,forest,1
..\dataset\Train\forest\forest_000155.png,forest,1
..\dataset\Train\forest\forest_000156.png,forest,1
..\dataset\Train\forest\forest_000157.png,forest,1
..\dataset\Train\forest\forest_000159.png,forest,1
..\dataset\Train\forest\forest_000160.png,forest,1
..\dataset\Train\forest\forest_000161.png,forest,1
..\dataset\Train\forest\forest_000162.png,forest,1
..\dataset\Train\forest\forest_000163.png,forest,1
..\dataset\Train\forest\forest_000164.png,forest,1
..\dataset\Train\forest\forest_000166.png,forest,1
..\dataset\Train\forest\forest_000167.png,forest,1
..\dataset\Train\forest\forest_000168.png,forest,1
..\dataset\Train\forest\forest_000169.png,forest,1
..\dataset\Train\forest\forest_000172.png,forest,1
..\dataset\Train\forest\forest_000173.png,forest,1
..\dataset\Train\forest\forest_000174.png,forest,1
..\dataset\Train\forest\forest_000175.png,forest,1
..\dataset\Train\forest\forest_000177.png,forest,1
..\dataset\Train\forest\forest_000178.png,forest,1
..\dataset\Train\forest\forest_000179.png,forest,1
..\dataset\Train\forest\forest_000180.png,forest,1
..\dataset\Train\forest\forest_000181.png,forest,1
..\dataset\Train\forest\forest_000182.png,forest,1
..\dataset\Train\forest\forest_000185.png,forest,1
..\dataset\Train\forest\forest_000187.png,forest,1
..\dataset\Train\forest\forest_000188.png,forest,1
..\dataset\Train\forest\forest_000190.png,forest,1
..\dataset\Train\forest\forest_000191.png,forest,1
..\dataset\Train\forest\forest_000192.png,forest,1
..\dataset\Train\forest\forest_000193.png,forest,1
..\dataset\Train\forest\forest_000194.png,forest,1
..\dataset\Train\forest\forest_000195.png,forest,1
..\dataset\Train\forest\forest_000196.png,forest,1
..\dataset\Train\forest\forest_000197.png,forest,1
..\dataset\Train\forest\forest_000199.png,forest,1
..\dataset\Train\forest\forest_000201.png,forest,1
..\dataset\Train\forest\forest_000202.png,forest,1
..\dataset\Train\forest\forest_000204.png,forest,1
..\dataset\Train\forest\forest_000205.png,forest,1
..\dataset\Train\forest\forest_000206.png,forest,1
..\dataset\Train\forest\forest_000208.png,forest,1
..\dataset\Train\forest\forest_000209.png,forest,1
..\dataset\Train\forest\forest_000210.png,forest,1
..\dataset\Train\forest\forest_000211.png,forest,1
..\dataset\Train\forest\forest_000213.png,forest,1
..\dataset\Train\forest\forest_000214.png,forest,1
..\dataset\Train\forest\forest_000216.png,forest,1
..\dataset\Train\forest\forest_000217.png,forest,1
..\dataset\Train\forest\forest_000218.png,forest,1
..\dataset\Train\forest\forest_000219.png,forest,1
..\dataset\Train\forest\forest_000221.png,forest,1
..\dataset\Train\forest\forest_000223.png,forest,1
..\dataset\Train\forest\forest_000224.png,forest,1
..\dataset\Train\forest\forest_000226.png,forest,1
..\dataset\Train\forest\forest_000227.png,forest,1
..\dataset\Train\forest\forest_000229.png,forest,1
..\dataset\Train\forest\forest_000230.png,forest,1
..\dataset\Train\forest\forest_000231.png,forest,1
..\dataset\Train\forest\forest_000233.png,forest,1
..\dataset\Train\forest\forest_000234.png,forest,1
..\dataset\Train\forest\forest_000235.png,forest,1
..\dataset\Train\forest\forest_000237.png,forest,1
..\dataset\Train\forest\forest_000238.png,forest,1
..\dataset\Train\forest\forest_000239.png,forest,1
..\dataset\Train\forest\forest_000240.png,forest,1
..\dataset\Train\forest\forest_000241.png,forest,1
..\dataset\Train\forest\forest_000242.png,forest,1
..\dataset\Train\forest\forest_000243.png,forest,1
..\dataset\Train\forest\forest_000244.png,forest,1
..\dataset\Train\forest\forest_000245.png,forest,1
..\dataset\Train\forest\forest_000246.png,forest,1
..\dataset\Train\forest\forest_000248.png,forest,1
..\dataset\Train\forest\forest_000249.png,forest,1
..\dataset\Train\forest\forest_000250.png,forest,1
..\dataset\Train\forest\forest_000251.png,forest,1
..\dataset\Train\forest\forest_000253.png,forest,1
..\dataset\Train\forest\forest_000256.png,forest,1
..\dataset\Train\forest\forest_000258.png,forest,1
..\dataset\Train\forest\forest_000260.png,forest,1
..\dataset\Train\forest\forest_000261.png,forest,1
..\dataset\Train\forest\forest_000264.png,forest,1
..\dataset\Train\forest\forest_000265.png,forest,1
..\dataset\Train\forest\forest_000266.png,forest,1
..\dataset\Train\forest\forest_000268.png,forest,1
..\dataset\Train\forest\forest_000271.png,forest,1
..\dataset\Train\forest\forest_000272.png,forest,1
..\dataset\Train\forest\forest_000273.png,forest,1
..\dataset\Train\forest\forest_000275.png,forest,1
..\dataset\Train\forest\forest_000276.png,forest,1
..\dataset\Train\forest\forest_000277.png,forest,1
..\dataset\Train\forest\forest_000279.png,forest,1
..\dataset\Train\forest\forest_000281.png,forest,1
..\dataset\Train\forest\forest_000282.png,forest,1
..\dataset\Train\forest\forest_000283.png,forest,1
..\dataset\Train\forest\forest_000286.png,forest,1
..\dataset\Train\forest\forest_000287.png,forest,1
..\dataset\Train\forest\forest_000288.png,forest,1
..\dataset\Train\forest\forest_000291.png,forest,1
..\dataset\Train\forest\forest_000292.png,forest,1
..\dataset\Train\forest\forest_000293.png,forest,1
..\dataset\Train\forest\forest_000294.png,forest,1
..\dataset\Train\forest\forest_000296.png,forest,1
..\dataset\Train\forest\forest_000297.png,forest,1
..\dataset\Train\forest\forest_000298.png,forest,1
..\dataset\Train\forest\forest_000299.png,forest,1
..\dataset\Train\forest\forest_000300.png,forest,1
..\dataset\Train\forest\forest_000301.png,forest,1
..\dataset\Train\forest\forest_000303.png,forest,1
..\dataset\Train\forest\forest_000306.png,forest,1
..\dataset\Train\forest\forest_000307.png,forest,1
..\dataset\Train\forest\forest_000308.png,forest,1
..\dataset\Train\forest\forest_000310.png,forest,1
..\dataset\Train\forest\forest_000311.png,forest,1
..\dataset\Train\forest\forest_000312.png,forest,1
..\dataset\Train\forest\forest_000314.png,forest,1
..\dataset\Train\forest\forest_000315.png,forest,1
..\dataset\Train\forest\forest_000316.png,forest,1
..\dataset\Train\forest\forest_000318.png,forest,1
..\dataset\Train\forest\forest_000319.png,forest,1
..\dataset\Train\forest\forest_000320.png,forest,1
..\dataset\Train\forest\forest_000321.png,forest,1
..\dataset\Train\forest\forest_000323.png,forest,1
..\dataset\Train\forest\forest_000327.png,forest,1
..\dataset\Train\forest\forest_000330.png,forest,1
..\dataset\Train\forest\forest_000331.png,forest,1
..\dataset\Train\forest\forest_000336.png,forest,1
..\dataset\Train\forest\forest_000337.png,forest,1
..\dataset\Train\forest\forest_000340.png,forest,1
..\dataset\Train\forest\forest_000344.png,forest,1
..\dataset\Train\forest\forest_000345.png,forest,1
..\dataset\Train\forest\forest_000346.png,forest,1
..\dataset\Train\forest\forest_000347.png,forest,1
..\dataset\Train\forest\forest_000348.png,forest,1
..\dataset\Train\forest\forest_000349.png,forest,1
..\dataset\Train\forest\forest_000351.png,forest,1
..\dataset\Train\forest\forest_000353.png,forest,1
..\dataset\Train\forest\forest_000354.png,forest,1
..\dataset\Train\forest\forest_000355.png,forest,1
..\dataset\Train\forest\forest_000357.png,forest,1
..\dataset\Train\forest\forest_000358.png,forest,1
..\dataset\Train\forest\forest_000359.png,forest,1
..\dataset\Train\forest\forest_000362.png,forest,1
..\dataset\Train\forest\forest_000363.png,forest,1
..\dataset\Train\forest\forest_000364.png,forest,1
..\dataset\Train\forest\forest_000365.png,forest,1
..\dataset\Train\forest\forest_000367.png,forest,1
..\dataset\Train\forest\forest_000369.png,forest,1
..\dataset\Train\forest\forest_000370.png,forest,1
..\dataset\Train\forest\forest_000371.png,forest,1
..\dataset\Train\forest\forest_000373.png,forest,1
..\dataset\Train\forest\forest_000374.png,forest,1
..\dataset\Train\forest\forest_000375.png,forest,1
..\dataset\Train\forest\forest_000377.png,forest,1
..\dataset\Train\forest\forest_000378.png,forest,1
..\dataset\Train\forest\forest_000379.png,forest,1
..\dataset\Train\forest\forest_000380.png,forest,1
..\dataset\Train\forest\forest_000381.png,forest,1
..\dataset\Train\forest\forest_000382.png,forest,1
..\dataset\Train\forest\forest_000383.png,forest,1
..\dataset\Train\forest\forest_000384.png,forest,1
..\dataset\Train\forest\forest_000385.png,forest,1
..\dataset\Train\forest\forest_000386.png,forest,1
..\dataset\Train\forest\forest_000393.png,forest,1
..\dataset\Train\forest\forest_000394.png,forest,1
..\dataset\Train\forest\forest_000395.png,forest,1
..\dataset\Train\forest\forest_000396.png,forest,1
..\dataset\Train\forest\forest_000397.png,forest,1
..\dataset\Train\forest\forest_000398.png,forest,1
..\dataset\Train\forest\forest_000400.png,forest,1
..\dataset\Train\forest\forest_000401.png,forest,1
..\dataset\Train\forest\forest_000402.png,forest,1
..\dataset\Train\forest\forest_000406.png,forest,1
..\dataset\Train\forest\forest_000408.png,forest,1
..\dataset\Train\forest\forest_000409.png,forest,1
..\dataset\Train\forest\forest_000410.png,forest,1
..\dataset\Train\forest\forest_000411.png,forest,1
..\dataset\Train\forest\forest_000412.png,forest,1
..\dataset\Train\forest\forest_000413.png,forest,1
..\dataset\Train\forest\forest_000414.png,forest,1
..\dataset\Train\forest\forest_000415.png,forest,1
..\dataset\Train\forest\forest_000416.png,forest,1
..\dataset\Train\forest\forest_000417.png,forest,1
..\dataset\Train\forest\forest_000418.png,forest,1
..\dataset\Train\forest\forest_000419.png,forest,1
..\dataset\Train\forest\forest_000425.png,forest,1
..\dataset\Train\forest\forest_000426.png,forest,1
..\dataset\Train\forest\forest_000428.png,forest,1
..\dataset\Train\forest\forest_000430.png,forest,1
..\dataset\Train\forest\forest_000431.png,forest,1
..\dataset\Train\forest\forest_000432.png,forest,1
..\dataset\Train\forest\forest_000434.png,forest,1
..\dataset\Train\forest\forest_000435.png,forest,1
..\dataset\Train\forest\forest_000436.png,forest,1
..\dataset\Train\forest\forest_000438.png,forest,1
..\dataset\Train\forest\forest_000440.png,forest,1
..\dataset\Train\forest\forest_000441.png,forest,1
..\dataset\Train\forest\forest_000442.png,forest,1
..\dataset\Train\forest\forest_000444.png,forest,1
..\dataset\Train\forest\forest_000445.png,forest,1
..\dataset\Train\forest\forest_000446.png,forest,1
..\dataset\Train\forest\forest_000447.png,forest,1
..\dataset\Train\forest\forest_000448.png,forest,1
..\dataset\Train\forest\forest_000449.png,forest,1
..\dataset\Train\forest\forest_000450.png,forest,1
..\dataset\Train\forest\forest_000452.png,forest,1
..\dataset\Train\forest\forest_000454.png,forest,1
..\dataset\Train\forest\forest_000455.png,forest,1
..\dataset\Train\forest\forest_000456.png,forest,1
..\dataset\Train\forest\forest_000457.png,forest,1
..\dataset\Train\forest\forest_000460.png,forest,1
..\dataset\Train\forest\forest_000462.png,forest,1
..\dataset\Train\forest\forest_000465.png,forest,1
..\dataset\Train\forest\forest_000466.png,forest,1
..\dataset\Train\forest\forest_000467.png,forest,1
..\dataset\Train\forest\forest_000468.png,forest,1
..\dataset\Train\forest\forest_000469.png,forest,1
..\dataset\Train\forest\forest_000471.png,forest,1
..\dataset\Train\forest\forest_000473.png,forest,1
..\dataset\Train\forest\forest_000474.png,forest,1
..\dataset\Train\forest\forest_000475.png,forest,1
..\dataset\Train\forest\forest_000476.png,forest,1
..\dataset\Train\forest\forest_000477.png,forest,1
..\dataset\Train\forest\forest_000478.png,forest,1
..\dataset\Train\forest\forest_000479.png,forest,1
..\dataset\Train\forest\forest_000480.png,forest,1
..\dataset\Train\forest\forest_000481.png,forest,1
..\dataset\Train\forest\forest_000482.png,forest,1
..\dataset\Train\forest\forest_000483.png,forest,1
..\dataset\Train\forest\forest_000484.png,forest,1
..\dataset\Train\forest\forest_000487.png,forest,1
..\dataset\Train\forest\forest_000488.png,forest,1
..\dataset\Train\forest\forest_000489.png,forest,1
..\dataset\Train\forest\forest_000490.png,forest,1
..\dataset\Train\forest\forest_000492.png,forest,1
..\dataset\Train\forest\forest_000493.png,forest,1
..\dataset\Train\forest\forest_000494.png,forest,1
..\dataset\Train\forest\forest_000495.png,forest,1
..\dataset\Train\forest\forest_000497.png,forest,1
..\dataset\Train\forest\forest_000498.png,forest,1
..\dataset\Train\freeway\freeway_000001.png,freeway,2
..\dataset\Train\freeway\freeway_000002.png,freeway,2
..\dataset\Train\freeway\freeway_000003.png,freeway,2
..\dataset\Train\freeway\freeway_000007.png,freeway,2
..\dataset\Train\freeway\freeway_000008.png,freeway,2
..\dataset\Train\freeway\freeway_000011.png,freeway,2
..\dataset\Train\freeway\freeway_000013.png,freeway,2
..\dataset\Train\freeway\freeway_000014.png,freeway,2
..\dataset\Train\freeway\freeway_000015.png,freeway,2
..\dataset\Train\freeway\freeway_000017.png,freeway,2
..\dataset\Train\freeway\freeway_000018.png,freeway,2
..\dataset\Train\freeway\freeway_000019.png,freeway,2
..\dataset\Train\freeway\freeway_000020.png,freeway,2
..\dataset\Train\freeway\freeway_000021.png,freeway,2
..\dataset\Train\freeway\freeway_000023.png,freeway,2
..\dataset\Train\freeway\freeway_000024.png,freeway,2
..\dataset\Train\freeway\freeway_000026.png,freeway,2
..\dataset\Train\freeway\freeway_000028.png,freeway,2
..\dataset\Train\freeway\freeway_000029.png,freeway,2
..\dataset\Train\freeway\freeway_000030.png,freeway,2
..\dataset\Train\freeway\freeway_000031.png,freeway,2
..\dataset\Train\freeway\freeway_000036.png,freeway,2
..\dataset\Train\freeway\freeway_000038.png,freeway,2
..\dataset\Train\freeway\freeway_000039.png,freeway,2
..\dataset\Train\freeway\freeway_000040.png,freeway,2
..\dataset\Train\freeway\freeway_000041.png,freeway,2
..\dataset\Train\freeway\freeway_000042.png,freeway,2
..\dataset\Train\freeway\freeway_000043.png,freeway,2
..\dataset\Train\freeway\freeway_000044.png,freeway,2
..\dataset\Train\freeway\freeway_000045.png,freeway,2
..\dataset\Train\freeway\freeway_000046.png,freeway,2
..\dataset\Train\freeway\freeway_000048.png,freeway,2
..\dataset\Train\freeway\freeway_000049.png,freeway,2
..\dataset\Train\freeway\freeway_000050.png,freeway,2
..\dataset\Train\freeway\freeway_000052.png,freeway,2
..\dataset\Train\freeway\freeway_000053.png,freeway,2
..\dataset\Train\freeway\freeway_000055.png,freeway,2
..\dataset\Train\freeway\freeway_000056.png,freeway,2
..\dataset\Train\freeway\freeway_000058.png,freeway,2
..\dataset\Train\freeway\freeway_000060.png,freeway,2
..\dataset\Train\freeway\freeway_000062.png,freeway,2
..\dataset\Train\freeway\freeway_000063.png,freeway,2
..\dataset\Train\freeway\freeway_000064.png,freeway,2
..\dataset\Train\freeway\freeway_000065.png,freeway,2
..\dataset\Train\freeway\freeway_000066.png,freeway,2
..\dataset\Train\freeway\freeway_000067.png,freeway,2
..\dataset\Train\freeway\freeway_000068.png,freeway,2
..\dataset\Train\freeway\freeway_000069.png,freeway,2
..\dataset\Train\freeway\freeway_000071.png,freeway,2
..\dataset\Train\freeway\freeway_000072.png,freeway,2
..\dataset\Train\freeway\freeway_000073.png,freeway,2
..\dataset\Train\freeway\freeway_000075.png,freeway,2
..\dataset\Train\freeway\freeway_000076.png,freeway,2
..\dataset\Train\freeway\freeway_000077.png,freeway,2
..\dataset\Train\freeway\freeway_000082.png,freeway,2
..\dataset\Train\freeway\freeway_000084.png,freeway,2
..\dataset\Train\freeway\freeway_000085.png,freeway,2
..\dataset\Train\freeway\freeway_000086.png,freeway,2
..\dataset\Train\freeway\freeway_000087.png,freeway,2
..\dataset\Train\freeway\freeway_000088.png,freeway,2
..\dataset\Train\freeway\freeway_000089.png,freeway,2
..\dataset\Train\freeway\freeway_000091.png,freeway,2
..\dataset\Train\freeway\freeway_000092.png,freeway,2
..\dataset\Train\freeway\freeway_000095.png,freeway,2
..\dataset\Train\freeway\freeway_000096.png,freeway,2
..\dataset\Train\freeway\freeway_000097.png,freeway,2
..\dataset\Train\freeway\freeway_000098.png,freeway,2
..\dataset\Train\freeway\freeway_000100.png,freeway,2
..\dataset\Train\freeway\freeway_000101.png,freeway,2
..\dataset\Train\freeway\freeway_000102.png,freeway,2
..\dataset\Train\freeway\freeway_000107.png,freeway,2
..\dataset\Train\freeway\freeway_000108.png,freeway,2
..\dataset\Train\freeway\freeway_000109.png,freeway,2
..\dataset\Train\freeway\freeway_000110.png,freeway,2
..\dataset\Train\freeway\freeway_000111.png,freeway,2
..\dataset\Train\freeway\freeway_000113.png,freeway,2
..\dataset\Train\freeway\freeway_000114.png,freeway,2
..\dataset\Train\freeway\freeway_000115.png,freeway,2
..\dataset\Train\freeway\freeway_000116.png,freeway,2
..\dataset\Train\freeway\freeway_000117.png,freeway,2
..\dataset\Train\freeway\freeway_000118.png,freeway,2
..\dataset\Train\freeway\freeway_000119.png,freeway,2
..\dataset\Train\freeway\freeway_000120.png,freeway,2
..\dataset\Train\freeway\freeway_000121.png,freeway,2
..\dataset\Train\freeway\freeway_000122.png,freeway,2
..\dataset\Train\freeway\freeway_000123.png,freeway,2
..\dataset\Train\freeway\freeway_000124.png,freeway,2
..\dataset\Train\freeway\freeway_000126.png,freeway,2
..\dataset\Train\freeway\freeway_000127.png,freeway,2
..\dataset\Train\freeway\freeway_000129.png,freeway,2
..\dataset\Train\freeway\freeway_000130.png,freeway,2
..\dataset\Train\freeway\freeway_000131.png,freeway,2
..\dataset\Train\freeway\freeway_000132.png,freeway,2
..\dataset\Train\freeway\freeway_000133.png,freeway,2
..\dataset\Train\freeway\freeway_000134.png,freeway,2
..\dataset\Train\freeway\freeway_000136.png,freeway,2
..\dataset\Train\freeway\freeway_000137.png,freeway,2
..\dataset\Train\freeway\freeway_000138.png,freeway,2
..\dataset\Train\freeway\freeway_000139.png,freeway,2
..\dataset\Train\freeway\freeway_000145.png,freeway,2
..\dataset\Train\freeway\freeway_000146.png,freeway,2
..\dataset\Train\freeway\freeway_000147.png,freeway,2
..\dataset\Train\freeway\freeway_000149.png,freeway,2
..\dataset\Train\freeway\freeway_000150.png,freeway,2
..\dataset\Train\freeway\freeway_000151.png,freeway,2
..\dataset\Train\freeway\freeway_000153.png,freeway,2
..\dataset\Train\freeway\freeway_000154.png,freeway,2
..\dataset\Train\freeway\freeway_000155.png,freeway,2
..\dataset\Train\freeway\freeway_000157.png,freeway,2
..\dataset\Train\freeway\freeway_000159.png,freeway,2
..\dataset\Train\freeway\freeway_000161.png,freeway,2
..\dataset\Train\freeway\freeway_000162.png,freeway,2
..\dataset\Train\freeway\freeway_000163.png,freeway,2
..\dataset\Train\freeway\freeway_000166.png,freeway,2
..\dataset\Train\freeway\freeway_000167.png,freeway,2
..\dataset\Train\freeway\freeway_000168.png,freeway,2
..\dataset\Train\freeway\freeway_000169.png,freeway,2
..\dataset\Train\freeway\freeway_000170.png,freeway,2
..\dataset\Train\freeway\freeway_000172.png,freeway,2
..\dataset\Train\freeway\freeway_000173.png,freeway,2
..\dataset\Train\freeway\freeway_000174.png,freeway,2
..\dataset\Train\freeway\freeway_000175.png,freeway,2
..\dataset\Train\freeway\freeway_000176.png,freeway,2
..\dataset\Train\freeway\freeway_000177.png,freeway,2
..\dataset\Train\freeway\freeway_000178.png,freeway,2
..\dataset\Train\freeway\freeway_000180.png,freeway,2
..\dataset\Train\freeway\freeway_000181.png,freeway,2
..\dataset\Train\freeway\freeway_000182.png,freeway,2
..\dataset\Train\freeway\freeway_000183.png,freeway,2
..\dataset\Train\freeway\freeway_000184.png,freeway,2
..\dataset\Train\freeway\freeway_000186.png,freeway,2
..\dataset\Train\freeway\freeway_000187.png,freeway,2
..\dataset\Train\freeway\freeway_000188.png,freeway,2
..\dataset\Train\freeway\freeway_000189.png,freeway,2
..\dataset\Train\freeway\freeway_000191.png,freeway,2
..\dataset\Train\freeway\freeway_000198.png,freeway,2
..\dataset\Train\freeway\freeway_000199.png,freeway,2
..\dataset\Train\freeway\freeway_000200.png,freeway,2
..\dataset\Train\freeway\freeway_000201.png,freeway,2
..\dataset\Train\freeway\freeway_000203.png,freeway,2
..\dataset\Train\freeway\freeway_000204.png,freeway,2
..\dataset\Train\freeway\freeway_000205.png,freeway,2
..\dataset\Train\freeway\freeway_000207.png,freeway,2
..\dataset\Train\freeway\freeway_000208.png,freeway,2
..\dataset\Train\freeway\freeway_000210.png,freeway,2
..\dataset\Train\freeway\freeway_000211.png,freeway,2
..\dataset\Train\freeway\freeway_000212.png,freeway,2
..\dataset\Train\freeway\freeway_000213.png,freeway,2
..\dataset\Train\freeway\freeway_000214.png,freeway,2
..\dataset\Train\freeway\freeway_000215.png,freeway,2
..\dataset\Train\freeway\freeway_000216.png,freeway,2
..\dataset\Train\freeway\freeway_000217.png,freeway,2
..\dataset\Train\freeway\freeway_000220.png,freeway,2
..\dataset\Train\freeway\freeway_000221.png,freeway,2
..\dataset\Train\freeway\freeway_000222.png,freeway,2
..\dataset\Train\freeway\freeway_000223.png,freeway,2
..\dataset\Train\freeway\freeway_000224.png,freeway,2
..\dataset\Train\freeway\freeway_000225.png,freeway,2
..\dataset\Train\freeway\freeway_000227.png,freeway,2
..\dataset\Train\freeway\freeway_000228.png,freeway,2
..\dataset\Train\freeway\freeway_000229.png,freeway,2
..\dataset\Train\freeway\freeway_000230.png,freeway,2
..\dataset\Train\freeway\freeway_000232.png,freeway,2
..\dataset\Train\freeway\freeway_000233.png,freeway,2
..\dataset\Train\freeway\freeway_000235.png,freeway,2
..\dataset\Train\freeway\freeway_000237.png,freeway,2
..\dataset\Train\freeway\freeway_000238.png,freeway,2
..\dataset\Train\freeway\freeway_000239.png,freeway,2
..\dataset\Train\freeway\freeway_000240.png,freeway,2
..\dataset\Train\freeway\freeway_000241.png,freeway,2
..\dataset\Train\freeway\freeway_000243.png,freeway,2
..\dataset\Train\freeway\freeway_000246.png,freeway,2
..\dataset\Train\freeway\freeway_000248.png,freeway,2
..\dataset\Train\freeway\freeway_000250.png,freeway,2
..\dataset\Train\freeway\freeway_000253.png,freeway,2
..\dataset\Train\freeway\freeway_000254.png,freeway,2
..\dataset\Train\freeway\freeway_000255.png,freeway,2
..\dataset\Train\freeway\freeway_000257.png,freeway,2
..\dataset\Train\freeway\freeway_000261.png,freeway,2
..\dataset\Train\freeway\freeway_000262.png,freeway,2
..\dataset\Train\freeway\freeway_000263.png,freeway,2
..\dataset\Train\freeway\freeway_000265.png,freeway,2
..\dataset\Train\freeway\freeway_000266.png,freeway,2
..\dataset\Train\freeway\freeway_000267.png,freeway,2
..\dataset\Train\freeway\freeway_000268.png,freeway,2
..\dataset\Train\freeway\freeway_000271.png,freeway,2
..\dataset\Train\freeway\freeway_000275.png,freeway,2
..\dataset\Train\freeway\freeway_000276.png,freeway,2
..\dataset\Train\freeway\freeway_000280.png,freeway,2
..\dataset\Train\freeway\freeway_000283.png,freeway,2
..\dataset\Train\freeway\freeway_000290.png,freeway,2
..\dataset\Train\freeway\freeway_000291.png,freeway,2
..\dataset\Train\freeway\freeway_000292.png,freeway,2
..\dataset\Train\freeway\freeway_000294.png,freeway,2
..\dataset\Train\freeway\freeway_000296.png,freeway,2
..\dataset\Train\freeway\freeway_000297.png,freeway,2
..\dataset\Train\freeway\freeway_000298.png,freeway,2
..\dataset\Train\freeway\freeway_000299.png,freeway,2
..\dataset\Train\freeway\freeway_000300.png,freeway,2
..\dataset\Train\freeway\freeway_000301.png,freeway,2
..\dataset\Train\freeway\freeway_000302.png,freeway,2
..\dataset\Train\freeway\freeway_000303.png,freeway,2
..\dataset\Train\freeway\freeway_000308.png,freeway,2
..\dataset\Train\freeway\freeway_000311.png,freeway,2
..\dataset\Train\freeway\freeway_000312.png,freeway,2
..\dataset\Train\freeway\freeway_000314.png,freeway,2
..\dataset\Train\freeway\freeway_000315.png,freeway,2
..\dataset\Train\freeway\freeway_000317.png,freeway,2
..\dataset\Train\freeway\freeway_000318.png,freeway,2
..\dataset\Train\freeway\freeway_000319.png,freeway,2
..\dataset\Train\freeway\freeway_000320.png,freeway,2
..\dataset\Train\freeway\freeway_000323.png,freeway,2
..\dataset\Train\freeway\freeway_000324.png,freeway,2
..\dataset\Train\freeway\freeway_000325.png,freeway,2
..\dataset\Train\freeway\freeway_000327.png,freeway,2
..\dataset\Train\freeway\freeway_000330.png,freeway,2
..\dataset\Train\freeway\freeway_000331.png,freeway,2
..\dataset\Train\freeway\freeway_000332.png,freeway,2
..\dataset\Train\freeway\freeway_000333.png,freeway,2
..\dataset\Train\freeway\freeway_000335.png,freeway,2
..\dataset\Train\freeway\freeway_000337.png,freeway,2
..\dataset\Train\freeway\freeway_000338.png,freeway,2
..\dataset\Train\freeway\freeway_000339.png,freeway,2
..\dataset\Train\freeway\freeway_000340.png,freeway,2
..\dataset\Train\freeway\freeway_000341.png,freeway,2
..\dataset\Train\freeway\freeway_000342.png,freeway,2
..\dataset\Train\freeway\freeway_000344.png,freeway,2
..\dataset\Train\freeway\freeway_000346.png,freeway,2
..\dataset\Train\freeway\freeway_000347.png,freeway,2
..\dataset\Train\freeway\freeway_000348.png,freeway,2
..\dataset\Train\freeway\freeway_000350.png,freeway,2
..\dataset\Train\freeway\freeway_000351.png,freeway,2
..\dataset\Train\freeway\freeway_000352.png,freeway,2
..\dataset\Train\freeway\freeway_000353.png,freeway,2
..\dataset\Train\freeway\freeway_000354.png,freeway,2
..\dataset\Train\freeway\freeway_000355.png,freeway,2
..\dataset\Train\freeway\freeway_000356.png,freeway,2
..\dataset\Train\freeway\freeway_000357.png,freeway,2
..\dataset\Train\freeway\freeway_000359.png,freeway,2
..\dataset\Train\freeway\freeway_000360.png,freeway,2
..\dataset\Train\freeway\freeway_000361.png,freeway,2
..\dataset\Train\freeway\freeway_000362.png,freeway,2
..\dataset\Train\freeway\freeway_000363.png,freeway,2
..\dataset\Train\freeway\freeway_000364.png,freeway,2
..\dataset\Train\freeway\freeway_000366.png,freeway,2
..\dataset\Train\freeway\freeway_000367.png,freeway,2
..\dataset\Train\freeway\freeway_000368.png,freeway,2
..\dataset\Train\freeway\freeway_000369.png,freeway,2
..\dataset\Train\freeway\freeway_000370.png,freeway,2
..\dataset\Train\freeway\freeway_000372.png,freeway,2
..\dataset\Train\freeway\freeway_000373.png,freeway,2
..\dataset\Train\freeway\freeway_000374.png,freeway,2
..\dataset\Train\freeway\freeway_000375.png,freeway,2
..\dataset\Train\freeway\freeway_000376.png,freeway,2
..\dataset\Train\freeway\freeway_000377.png,freeway,2
..\dataset\Train\freeway\freeway_000378.png,freeway,2
..\dataset\Train\freeway\freeway_000379.png,freeway,2
..\dataset\Train\freeway\freeway_000380.png,freeway,2
..\dataset\Train\freeway\freeway_000383.png,freeway,2
..\dataset\Train\freeway\freeway_000384.png,freeway,2
..\dataset\Train\freeway\freeway_000385.png,freeway,2
..\dataset\Train\freeway\freeway_000386.png,freeway,2
..\dataset\Train\freeway\freeway_000387.png,freeway,2
..\dataset\Train\freeway\freeway_000388.png,freeway,2
..\dataset\Train\freeway\freeway_000389.png,freeway,2
..\dataset\Train\freeway\freeway_000390.png,freeway,2
..\dataset\Train\freeway\freeway_000391.png,freeway,2
..\dataset\Train\freeway\freeway_000392.png,freeway,2
..\dataset\Train\freeway\freeway_000393.png,freeway,2
..\dataset\Train\freeway\freeway_000394.png,freeway,2
..\dataset\Train\freeway\freeway_000395.png,freeway,2
..\dataset\Train\freeway\freeway_000396.png,freeway,2
..\dataset\Train\freeway\freeway_000397.png,freeway,2
..\dataset\Train\freeway\freeway_000398.png,freeway,2
..\dataset\Train\freeway\freeway_000399.png,freeway,2
..\dataset\Train\freeway\freeway_000400.png,freeway,2
..\dataset\Train\freeway\freeway_000401.png,freeway,2
..\dataset\Train\freeway\freeway_000402.png,freeway,2
..\dataset\Train\freeway\freeway_000403.png,freeway,2
..\dataset\Train\freeway\freeway_000405.png,freeway,2
..\dataset\Train\freeway\freeway_000406.png,freeway,2
..\dataset\Train\freeway\freeway_000407.png,freeway,2
..\dataset\Train\freeway\freeway_000408.png,freeway,2
..\dataset\Train\freeway\freeway_000409.png,freeway,2
..\dataset\Train\freeway\freeway_000410.png,freeway,2
..\dataset\Train\freeway\freeway_000411.png,freeway,2
..\dataset\Train\freeway\freeway_000412.png,freeway,2
..\dataset\Train\freeway\freeway_000413.png,freeway,2
..\dataset\Train\freeway\freeway_000414.png,freeway,2
..\dataset\Train\freeway\freeway_000416.png,freeway,2
..\dataset\Train\freeway\freeway_000417.png,freeway,2
..\dataset\Train\freeway\freeway_000418.png,freeway,2
..\dataset\Train\freeway\freeway_000420.png,freeway,2
..\dataset\Train\freeway\freeway_000421.png,freeway,2
..\dataset\Train\freeway\freeway_000422.png,freeway,2
..\dataset\Train\freeway\freeway_000423.png,freeway,2
..\dataset\Train\freeway\freeway_000425.png,freeway,2
..\dataset\Train\freeway\freeway_000427.png,freeway,2
..\dataset\Train\freeway\freeway_000428.png,freeway,2
..\dataset\Train\freeway\freeway_000429.png,freeway,2
..\dataset\Train\freeway\freeway_000430.png,freeway,2
..\dataset\Train\freeway\freeway_000431.png,freeway,2
..\dataset\Train\freeway\freeway_000432.png,freeway,2
..\dataset\Train\freeway\freeway_000433.png,freeway,2
..\dataset\Train\freeway\freeway_000435.png,freeway,2
..\dataset\Train\freeway\freeway_000437.png,freeway,2
..\dataset\Train\freeway\freeway_000439.png,freeway,2
..\dataset\Train\freeway\freeway_000440.png,freeway,2
..\dataset\Train\freeway\freeway_000442.png,freeway,2
..\dataset\Train\freeway\freeway_000443.png,freeway,2
..\dataset\Train\freeway\freeway_000444.png,freeway,2
..\dataset\Train\freeway\freeway_000445.png,freeway,2
..\dataset\Train\freeway\freeway_000446.png,freeway,2
..\dataset\Train\freeway\freeway_000447.png,freeway,2
..\dataset\Train\freeway\freeway_000448.png,freeway,2
..\dataset\Train\freeway\freeway_000449.png,freeway,2
..\dataset\Train\freeway\freeway_000450.png,freeway,2
..\dataset\Train\freeway\freeway_000453.png,freeway,2
..\dataset\Train\freeway\freeway_000456.png,freeway,2
..\dataset\Train\freeway\freeway_000457.png,freeway,2
..\dataset\Train\freeway\freeway_000458.png,freeway,2
..\dataset\Train\freeway\freeway_000460.png,freeway,2
..\dataset\Train\freeway\freeway_000461.png,freeway,2
..\dataset\Train\freeway\freeway_000462.png,freeway,2
..\dataset\Train\freeway\freeway_000464.png,freeway,2
..\dataset\Train\freeway\freeway_000465.png,freeway,2
..\dataset\Train\freeway\freeway_000466.png,freeway,2
..\dataset\Train\freeway\freeway_000467.png,freeway,2
..\dataset\Train\freeway\freeway_000468.png,freeway,2
..\dataset\Train\freeway\freeway_000470.png,freeway,2
..\dataset\Train\freeway\freeway_000471.png,freeway,2
..\dataset\Train\freeway\freeway_000473.png,freeway,2
..\dataset\Train\freeway\freeway_000474.png,freeway,2
..\dataset\Train\freeway\freeway_000475.png,freeway,2
..\dataset\Train\freeway\freeway_000476.png,freeway,2
..\dataset\Train\freeway\freeway_000477.png,freeway,2
..\dataset\Train\freeway\freeway_000478.png,freeway,2
..\dataset\Train\freeway\freeway_000479.png,freeway,2
..\dataset\Train\freeway\freeway_000480.png,freeway,2
..\dataset\Train\freeway\freeway_000482.png,freeway,2
..\dataset\Train\freeway\freeway_000483.png,freeway,2
..\dataset\Train\freeway\freeway_000484.png,freeway,2
..\dataset\Train\freeway\freeway_000487.png,freeway,2
..\dataset\Train\freeway\freeway_000491.png,freeway,2
..\dataset\Train\freeway\freeway_000492.png,freeway,2
..\dataset\Train\freeway\freeway_000494.png,freeway,2
..\dataset\Train\freeway\freeway_000496.png,freeway,2
..\dataset\Train\freeway\freeway_000498.png,freeway,2
..\dataset\Train\freeway\freeway_000499.png,freeway,2
..\dataset\Train\freeway\freeway_000500.png,freeway,2
..\dataset\Train\residential\buildings_000001.png,residential,3
..\dataset\Train\residential\buildings_000002.png,residential,3
..\dataset\Train\residential\buildings_000003.png,residential,3
..\dataset\Train\residential\buildings_000004.png,residential,3
..\dataset\Train\residential\buildings_000006.png,residential,3
..\dataset\Train\residential\buildings_000007.png,residential,3
..\dataset\Train\residential\buildings_000008.png,residential,3
..\dataset\Train\residential\buildings_000009.png,residential,3
..\dataset\Train\residential\buildings_000010.png,residential,3
..\dataset\Train\residential\buildings_000012.png,residential,3
..\dataset\Train\residential\buildings_000013.png,residential,3
..\dataset\Train\residential\buildings_000017.png,residential,3
..\dataset\Train\residential\buildings_000018.png,residential,3
..\dataset\Train\residential\buildings_000019.png,residential,3
..\dataset\Train\residential\buildings_000020.png,residential,3
..\dataset\Train\residential\buildings_000021.png,residential,3
..\dataset\Train\residential\buildings_000022.png,residential,3
..\dataset\Train\residential\buildings_000023.png,residential,3
..\dataset\Train\residential\buildings_000024.png,residential,3
..\dataset\Train\residential\buildings_000025.png,residential,3
..\dataset\Train\residential\buildings_000027.png,residential,3
..\dataset\Train\residential\buildings_000028.png,residential,3
..\dataset\Train\residential\buildings_000030.png,residential,3
..\dataset\Train\residential\buildings_000031.png,residential,3
..\dataset\Train\residential\buildings_000033.png,residential,3
..\dataset\Train\residential\buildings_000034.png,residential,3
..\dataset\Train\residential\buildings_000036.png,residential,3
..\dataset\Train\residential\buildings_000037.png,residential,3
..\dataset\Train\residential\buildings_000038.png,residential,3
..\dataset\Train\residential\buildings_000039.png,residential,3
..\dataset\Train\residential\buildings_000040.png,residential,3
..\dataset\Train\residential\buildings_000041.png,residential,3
..\dataset\Train\residential\buildings_000042.png,residential,3
..\dataset\Train\residential\buildings_000043.png,residential,3
..\dataset\Train\residential\buildings_000049.png,residential,3
..\dataset\Train\residential\buildings_000050.png,residential,3
..\dataset\Train\residential\buildings_000051.png,residential,3
..\dataset\Train\residential\buildings_000052.png,residential,3
..\dataset\Train\residential\buildings_000053.png,residential,3
..\dataset\Train\residential\buildings_000054.png,residential,3
..\dataset\Train\residential\buildings_000055.png,residential,3
..\dataset\Train\residential\buildings_000057.png,residential,3
..\dataset\Train\residential\buildings_000058.png,residential,3
..\dataset\Train\residential\buildings_000062.png,residential,3
..\dataset\Train\residential\buildings_000063.png,residential,3
..\dataset\Train\residential\buildings_000064.png,residential,3
..\dataset\Train\residential\buildings_000067.png,residential,3
..\dataset\Train\residential\buildings_000069.png,residential,3
..\dataset\Train\residential\buildings_000070.png,residential,3
..\dataset\Train\residential\buildings_000071.png,residential,3
..\dataset\Train\residential\buildings_000072.png,residential,3
..\dataset\Train\residential\buildings_000073.png,residential,3
..\dataset\Train\residential\buildings_000074.png,residential,3
..\dataset\Train\residential\buildings_000076.png,residential,3
..\dataset\Train\residential\buildings_000077.png,residential,3
..\dataset\Train\residential\buildings_000078.png,residential,3
..\dataset\Train\residential\buildings_000080.png,residential,3
..\dataset\Train\residential\buildings_000083.png,residential,3
..\dataset\Train\residential\buildings_000084.png,residential,3
..\dataset\Train\residential\buildings_000085.png,residential,3
..\dataset\Train\residential\buildings_000086.png,residential,3
..\dataset\Train\residential\buildings_000087.png,residential,3
..\dataset\Train\residential\buildings_000092.png,residential,3
..\dataset\Train\residential\buildings_000095.png,residential,3
..\dataset\Train\residential\buildings_000096.png,residential,3
..\dataset\Train\residential\buildings_000097.png,residential,3
..\dataset\Train\residential\buildings_000099.png,residential,3
..\dataset\Train\residential\buildings_000100.png,residential,3
..\dataset\Train\residential\buildings_000102.png,residential,3
..\dataset\Train\residential\buildings_000103.png,residential,3
..\dataset\Train\residential\buildings_000104.png,residential,3
..\dataset\Train\residential\buildings_000105.png,residential,3
..\dataset\Train\residential\buildings_000106.png,residential,3
..\dataset\Train\residential\buildings_000107.png,residential,3
..\dataset\Train\residential\buildings_000108.png,residential,3
..\dataset\Train\residential\buildings_000109.png,residential,3
..\dataset\Train\residential\buildings_000111.png,residential,3
..\dataset\Train\residential\buildings_000112.png,residential,3
..\dataset\Train\residential\buildings_000113.png,residential,3
..\dataset\Train\residential\buildings_000115.png,residential,3
..\dataset\Train\residential\buildings_000116.png,residential,3
..\dataset\Train\residential\buildings_000117.png,residential,3
..\dataset\Train\residential\buildings_000119.png,residential,3
..\dataset\Train\residential\buildings_000124.png,residential,3
..\dataset\Train\residential\buildings_000125.png,residential,3
..\dataset\Train\residential\buildings_000126.png,residential,3
..\dataset\Train\residential\buildings_000127.png,residential,3
..\dataset\Train\residential\buildings_000130.png,residential,3
..\dataset\Train\residential\buildings_000132.png,residential,3
..\dataset\Train\residential\buildings_000134.png,residential,3
..\dataset\Train\residential\buildings_000135.png,residential,3
..\dataset\Train\residential\buildings_000136.png,residential,3
..\dataset\Train\residential\buildings_000137.png,residential,3
..\dataset\Train\residential\buildings_000139.png,residential,3
..\dataset\Train\residential\buildings_000141.png,residential,3
..\dataset\Train\residential\buildings_000143.png,residential,3
..\dataset\Train\residential\buildings_000144.png,residential,3
..\dataset\Train\residential\buildings_000145.png,residential,3
..\dataset\Train\residential\buildings_000146.png,residential,3
..\dataset\Train\residential\buildings_000147.png,residential,3
..\dataset\Train\residential\denseresidential_000001.png,residential,3
..\dataset\Train\residential\denseresidential_000002.png,residential,3
..\dataset\Train\residential\denseresidential_000003.png,residential,3
..\dataset\Train\residential\denseresidential_000004.png,residential,3
..\dataset\Train\residential\denseresidential_000005.png,residential,3
..\dataset\Train\residential\denseresidential_000006.png,residential,3
..\dataset\Train\residential\denseresidential_000007.png,residential,3
..\dataset\Train\residential\denseresidential_000008.png,residential,3
..\dataset\Train\residential\denseresidential_000010.png,residential,3
..\dataset\Train\residential\denseresidential_000011.png,residential,3
..\dataset\Train\residential\denseresidential_000012.png,residential,3
..\dataset\Train\residential\denseresidential_000013.png,residential,3
..\dataset\Train\residential\denseresidential_000014.png,residential,3
..\dataset\Train\residential\denseresidential_000015.png,residential,3
..\dataset\Train\residential\denseresidential_000016.png,residential,3
..\dataset\Train\residential\denseresidential_000017.png,residential,3
..\dataset\Train\residential\denseresidential_000019.png,residential,3
..\dataset\Train\residential\denseresidential_000020.png,residential,3
..\dataset\Train\residential\denseresidential_000021.png,residential,3
..\dataset\Train\residential\denseresidential_000022.png,residential,3
..\dataset\Train\residential\denseresidential_000023.png,residential,3
..\dataset\Train\residential\denseresidential_000024.png,residential,3
..\dataset\Train\residential\denseresidential_000025.png,residential,3
..\dataset\Train\residential\denseresidential_000026.png,residential,3
..\dataset\Train\residential\denseresidential_000028.png,residential,3
..\dataset\Train\residential\denseresidential_000029.png,residential,3
..\dataset\Train\residential\denseresidential_000031.png,residential,3
..\dataset\Train\residential\denseresidential_000032.png,residential,3
..\dataset\Train\residential\denseresidential_000033.png,residential,3
..\dataset\Train\residential\denseresidential_000034.png,residential,3
..\dataset\Train\residential\denseresidential_000035.png,residential,3
..\dataset\Train\residential\denseresidential_000036.png,residential,3
..\dataset\Train\residential\denseresidential_000038.png,residential,3
..\dataset\Train\residential\denseresidential_000041.png,residential,3
..\dataset\Train\residential\denseresidential_000043.png,residential,3
..\dataset\Train\residential\denseresidential_000044.png,residential,3
..\dataset\Train\residential\denseresidential_000045.png,residential,3
..\dataset\Train\residential\denseresidential_000047.png,residential,3
..\dataset\Train\residential\denseresidential_000048.png,residential,3
..\dataset\Train\residential\denseresidential_000050.png,residential,3
..\dataset\Train\residential\denseresidential_000051.png,residential,3
..\dataset\Train\residential\denseresidential_000052.png,residential,3
..\dataset\Train\residential\denseresidential_000053.png,residential,3
..\dataset\Train\residential\denseresidential_000054.png,residential,3
..\dataset\Train\residential\denseresidential_000056.png,residential,3
..\dataset\Train\residential\denseresidential_000057.png,residential,3
..\dataset\Train\residential\denseresidential_000058.png,residential,3
..\dataset\Train\residential\denseresidential_000059.png,residential,3
..\dataset\Train\residential\denseresidential_000062.png,residential,3
..\dataset\Train\residential\denseresidential_000063.png,residential,3
..\dataset\Train\residential\denseresidential_000064.png,residential,3
..\dataset\Train\residential\denseresidential_000065.png,residential,3
..\dataset\Train\residential\denseresidential_000066.png,residential,3
..\dataset\Train\residential\denseresidential_000067.png,residential,3
..\dataset\Train\residential\denseresidential_000068.png,residential,3
..\dataset\Train\residential\denseresidential_000070.png,residential,3
..\dataset\Train\residential\denseresidential_000072.png,residential,3
..\dataset\Train\residential\denseresidential_000075.png,residential,3
..\dataset\Train\residential\denseresidential_000076.png,residential,3
..\dataset\Train\residential\denseresidential_000078.png,residential,3
..\dataset\Train\residential\denseresidential_000079.png,residential,3
..\dataset\Train\residential\denseresidential_000080.png,residential,3
..\dataset\Train\residential\denseresidential_000081.png,residential,3
..\dataset\Train\residential\denseresidential_000084.png,residential,3
..\dataset\Train\residential\denseresidential_000085.png,residential,3
..\dataset\Train\residential\denseresidential_000086.png,residential,3
..\dataset\Train\residential\denseresidential_000087.png,residential,3
..\dataset\Train\residential\denseresidential_000088.png,residential,3
..\dataset\Train\residential\denseresidential_000089.png,residential,3
..\dataset\Train\residential\denseresidential_000090.png,residential,3
..\dataset\Train\residential\denseresidential_000091.png,residential,3
..\dataset\Train\residential\denseresidential_000092.png,residential,3
..\dataset\Train\residential\denseresidential_000093.png,residential,3
..\dataset\Train\residential\denseresidential_000095.png,residential,3
..\dataset\Train\residential\denseresidential_000098.png,residential,3
..\dataset\Train\residential\denseresidential_000100.png,residential,3
..\dataset\Train\residential\denseresidential_000101.png,residential,3
..\dataset\Train\residential\denseresidential_000102.png,residential,3
..\dataset\Train\residential\denseresidential_000103.png,residential,3
..\dataset\Train\residential\denseresidential_000104.png,residential,3
..\dataset\Train\residential\denseresidential_000106.png,residential,3
..\dataset\Train\residential\denseresidential_000107.png,residential,3
..\dataset\Train\residential\denseresidential_000109.png,residential,3
..\dataset\Train\residential\denseresidential_000110.png,residential,3
..\dataset\Train\residential\denseresidential_000111.png,residential,3
..\dataset\Train\residential\denseresidential_000112.png,residential,3
..\dataset\Train\residential\denseresidential_000113.png,residential,3
..\dataset\Train\residential\denseresidential_000114.png,residential,3
..\dataset\Train\residential\denseresidential_000115.png,residential,3
..\dataset\Train\residential\denseresidential_000116.png,residential,3
..\dataset\Train\residential\denseresidential_000118.png,residential,3
..\dataset\Train\residential\denseresidential_000119.png,residential,3
..\dataset\Train\residential\denseresidential_000120.png,residential,3
..\dataset\Train\residential\denseresidential_000122.png,residential,3
..\dataset\Train\residential\denseresidential_000123.png,residential,3
..\dataset\Train\residential\denseresidential_000125.png,residential,3
..\dataset\Train\residential\denseresidential_000126.png,residential,3
..\dataset\Train\residential\denseresidential_000129.png,residential,3
..\dataset\Train\residential\denseresidential_000130.png,residential,3
..\dataset\Train\residential\denseresidential_000132.png,residential,3
..\dataset\Train\residential\mediumresidential_000001.png,residential,3
..\dataset\Train\residential\mediumresidential_000002.png,residential,3
..\dataset\Train\residential\mediumresidential_000003.png,residential,3
..\dataset\Train\residential\mediumresidential_000006.png,residential,3
..\dataset\Train\residential\mediumresidential_000007.png,residential,3
..\dataset\Train\residential\mediumresidential_000008.png,residential,3
..\dataset\Train\residential\mediumresidential_000010.png,residential,3
..\dataset\Train\residential\mediumresidential_000012.png,residential,3
..\dataset\Train\residential\mediumresidential_000013.png,residential,3
..\dataset\Train\residential\mediumresidential_000014.png,residential,3
..\dataset\Train\residential\mediumresidential_000015.png,residential,3
..\dataset\Train\residential\mediumresidential_000016.png,residential,3
..\dataset\Train\residential\mediumresidential_000017.png,residential,3
..\dataset\Train\residential\mediumresidential_000018.png,residential,3
..\dataset\Train\residential\mediumresidential_000019.png,residential,3
..\dataset\Train\residential\mediumresidential_000020.png,residential,3
..\dataset\Train\residential\mediumresidential_000021.png,residential,3
..\dataset\Train\residential\mediumresidential_000022.png,residential,3
..\dataset\Train\residential\mediumresidential_000024.png,residential,3
..\dataset\Train\residential\mediumresidential_000025.png,residential,3
..\dataset\Train\residential\mediumresidential_000026.png,residential,3
..\dataset\Train\residential\mediumresidential_000028.png,residential,3
..\dataset\Train\residential\mediumresidential_000032.png,residential,3
..\dataset\Train\residential\mediumresidential_000033.png,residential,3
..\dataset\Train\residential\mediumresidential_000034.png,residential,3
..\dataset\Train\residential\mediumresidential_000035.png,residential,3
..\dataset\Train\residential\mediumresidential_000036.png,residential,3
..\dataset\Train\residential\mediumresidential_000038.png,residential,3
..\dataset\Train\residential\mediumresidential_000040.png,residential,3
..\dataset\Train\residential\mediumresidential_000041.png,residential,3
..\dataset\Train\residential\mediumresidential_000044.png,residential,3
..\dataset\Train\residential\mediumresidential_000045.png,residential,3
..\dataset\Train\residential\mediumresidential_000046.png,residential,3
..\dataset\Train\residential\mediumresidential_000048.png,residential,3
..\dataset\Train\residential\mediumresidential_000050.png,residential,3
..\dataset\Train\residential\mediumresidential_000051.png,residential,3
..\dataset\Train\residential\mediumresidential_000052.png,residential,3
..\dataset\Train\residential\mediumresidential_000053.png,residential,3
..\dataset\Train\residential\mediumresidential_000054.png,residential,3
..\dataset\Train\residential\mediumresidential_000055.png,residential,3
..\dataset\Train\residential\mediumresidential_000056.png,residential,3
..\dataset\Train\residential\mediumresidential_000057.png,residential,3
..\dataset\Train\residential\mediumresidential_000058.png,residential,3
..\dataset\Train\residential\mediumresidential_000059.png,residential,3
..\dataset\Train\residential\mediumresidential_000060.png,residential,3
..\dataset\Train\residential\mediumresidential_000063.png,residential,3
..\dataset\Train\residential\mediumresidential_000065.png,residential,3
..\dataset\Train\residential\mediumresidential_000067.png,residential,3
..\dataset\Train\residential\mediumresidential_000068.png,residential,3
..\dataset\Train\residential\mediumresidential_000069.png,residential,3
..\dataset\Train\residential\mediumresidential_000071.png,residential,3
..\dataset\Train\residential\mediumresidential_000075.png,residential,3
..\dataset\Train\residential\mediumresidential_000077.png,residential,3
..\dataset\Train\residential\mediumresidential_000078.png,residential,3
..\dataset\Train\residential\mediumresidential_000079.png,residential,3
..\dataset\Train\residential\mediumresidential_000080.png,residential,3
..\dataset\Train\residential\mediumresidential_000082.png,residential,3
..\dataset\Train\residential\mediumresidential_000085.png,residential,3
..\dataset\Train\residential\mediumresidential_000087.png,residential,3
..\dataset\Train\residential\mediumresidential_000088.png,residential,3
..\dataset\Train\residential\mediumresidential_000091.png,residential,3
..\dataset\Train\residential\mediumresidential_000093.png,residential,3
..\dataset\Train\residential\mediumresidential_000094.png,residential,3
..\dataset\Train\residential\mediumresidential_000095.png,residential,3
..\dataset\Train\residential\mediumresidential_000096.png,residential,3
..\dataset\Train\residential\mediumresidential_000097.png,residential,3
..\dataset\Train\residential\mediumresidential_000098.png,residential,3
..\dataset\Train\residential\mediumresidential_000099.png,residential,3
..\dataset\Train\residential\mediumresidential_000100.png,residential,3
..\dataset\Train\residential\mediumresidential_000101.png,residential,3
..\dataset\Train\residential\mediumresidential_000103.png,residential,3
..\dataset\Train\residential\mediumresidential_000105.png,residential,3
..\dataset\Train\residential\mediumresidential_000106.png,residential,3
..\dataset\Train\residential\mediumresidential_000108.png,residential,3
..\dataset\Train\residential\mediumresidential_000110.png,residential,3
..\dataset\Train\residential\mediumresidential_000111.png,residential,3
..\dataset\Train\residential\mediumresidential_000113.png,residential,3
..\dataset\Train\residential\mediumresidential_000115.png,residential,3
..\dataset\Train\residential\mediumresidential_000116.png,residential,3
..\dataset\Train\residential\mediumresidential_000119.png,residential,3
..\dataset\Train\residential\mediumresidential_000120.png,residential,3
..\dataset\Train\residential\mediumresidential_000121.png,residential,3
..\dataset\Train\residential\mediumresidential_000122.png,residential,3
..\dataset\Train\residential\mediumresidential_000123.png,residential,3
..\dataset\Train\residential\mediumresidential_000124.png,residential,3
..\dataset\Train\residential\mediumresidential_000125.png,residential,3
..\dataset\Train\residential\mediumresidential_000126.png,residential,3
..\dataset\Train\residential\mediumresidential_000127.png,residential,3
..\dataset\Train\residential\mediumresidential_000129.png,residential,3
..\dataset\Train\residential\mediumresidential_000130.png,residential,3
..\dataset\Train\residential\mediumresidential_000132.png,residential,3
..\dataset\Train\residential\mediumresidential_000133.png,residential,3
..\dataset\Train\residential\mediumresidential_000135.png,residential,3
..\dataset\Train\residential\mediumresidential_000136.png,residential,3
..\dataset\Train\residential\mediumresidential_000137.png,residential,3
..\dataset\Train\residential\mediumresidential_000140.png,residential,3
..\dataset\Train\residential\mediumresidential_000142.png,residential,3
..\dataset\Train\residential\mediumresidential_000143.png,residential,3
..\dataset\Train\residential\mediumresidential_000144.png,residential,3
..\dataset\Train\residential\mediumresidential_000145.png,residential,3
..\dataset\Train\residential\sparseresidential_000003.png,residential,3
..\dataset\Train\residential\sparseresidential_000004.png,residential,3
..\dataset\Train\residential\sparseresidential_000005.png,residential,3
..\dataset\Train\residential\sparseresidential_000007.png,residential,3
..\dataset\Train\residential\sparseresidential_000009.png,residential,3
..\dataset\Train\residential\sparseresidential_000010.png,residential,3
..\dataset\Train\residential\sparseresidential_000011.png,residential,3
..\dataset\Train\residential\sparseresidential_000012.png,residential,3
..\dataset\Train\residential\sparseresidential_000013.png,residential,3
..\dataset\Train\residential\sparseresidential_000015.png,residential,3
..\dataset\Train\residential\sparseresidential_000016.png,residential,3
..\dataset\Train\residential\sparseresidential_000017.png,residential,3
..\dataset\Train\residential\sparseresidential_000018.png,residential,3
..\dataset\Train\residential\sparseresidential_000019.png,residential,3
..\dataset\Train\residential\sparseresidential_000021.png,residential,3
..\dataset\Train\residential\sparseresidential_000022.png,residential,3
..\dataset\Train\residential\sparseresidential_000023.png,residential,3
..\dataset\Train\residential\sparseresidential_000025.png,residential,3
..\dataset\Train\residential\sparseresidential_000028.png,residential,3
..\dataset\Train\residential\sparseresidential_000029.png,residential,3
..\dataset\Train\residential\sparseresidential_000033.png,residential,3
..\dataset\Train\residential\sparseresidential_000035.png,residential,3
..\dataset\Train\residential\sparseresidential_000036.png,residential,3
..\dataset\Train\residential\sparseresidential_000037.png,residential,3
..\dataset\Train\residential\sparseresidential_000038.png,residential,3
..\dataset\Train\residential\sparseresidential_000039.png,residential,3
..\dataset\Train\residential\sparseresidential_000041.png,residential,3
..\dataset\Train\residential\sparseresidential_000042.png,residential,3
..\dataset\Train\residential\sparseresidential_000043.png,residential,3
..\dataset\Train\residential\sparseresidential_000044.png,residential,3
..\dataset\Train\residential\sparseresidential_000045.png,residential,3
..\dataset\Train\residential\sparseresidential_000046.png,residential,3
..\dataset\Train\residential\sparseresidential_000047.png,residential,3
..\dataset\Train\residential\sparseresidential_000049.png,residential,3
..\dataset\Train\residential\sparseresidential_000052.png,residential,3
..\dataset\Train\residential\sparseresidential_000053.png,residential,3
..\dataset\Train\residential\sparseresidential_000055.png,residential,3
..\dataset\Train\residential\sparseresidential_000056.png,residential,3
..\dataset\Train\residential\sparseresidential_000057.png,residential,3
..\dataset\Train\residential\sparseresidential_000058.png,residential,3
..\dataset\Train\residential\sparseresidential_000059.png,residential,3
..\dataset\Train\residential\sparseresidential_000060.png,residential,3
..\dataset\Train\residential\sparseresidential_000063.png,residential,3
..\dataset\Train\residential\sparseresidential_000064.png,residential,3
..\dataset\Train\residential\sparseresidential_000065.png,residential,3
..\dataset\Train\residential\sparseresidential_000066.png,residential,3
..\dataset\Train\residential\sparseresidential_000068.png,residential,3
..\dataset\Train\residential\sparseresidential_000070.png,residential,3
..\dataset\Train\residential\sparseresidential_000071.png,residential,3
..\dataset\Train\residential\sparseresidential_000072.png,residential,3
..\dataset\Train\river\river_000001.png,river,4
..\dataset\Train\river\river_000002.png,river,4
..\dataset\Train\river\river_000004.png,river,4
..\dataset\Train\river\river_000007.png,river,4
..\dataset\Train\river\river_000009.png,river,4
..\dataset\Train\river\river_000011.png,river,4
..\dataset\Train\river\river_000012.png,river,4
..\dataset\Train\river\river_000014.png,river,4
..\dataset\Train\river\river_000015.png,river,4
..\dataset\Train\river\river_000016.png,river,4
..\dataset\Train\river\river_000019.png,river,4
..\dataset\Train\river\river_000022.png,river,4
..\dataset\Train\river\river_000023.png,river,4
..\dataset\Train\river\river_000025.png,river,4
..\dataset\Train\river\river_000028.png,river,4
..\dataset\Train\river\river_000029.png,river,4
..\dataset\Train\river\river_000030.png,river,4
..\dataset\Train\river\river_000031.png,river,4
..\dataset\Train\river\river_000032.png,river,4
..\dataset\Train\river\river_000033.png,river,4
..\dataset\Train\river\river_000034.png,river,4
..\dataset\Train\river\river_000035.png,river,4
..\dataset\Train\river\river_000036.png,river,4
..\dataset\Train\river\river_000037.png,river,4
..\dataset\Train\river\river_000038.png,river,4
..\dataset\Train\river\river_000039.png,river,4
..\dataset\Train\river\river_000040.png,river,4
..\dataset\Train\river\river_000041.png,river,4
..\dataset\Train\river\river_000042.png,river,4
..\dataset\Train\river\river_000043.png,river,4
..\dataset\Train\river\river_000044.png,river,4
..\dataset\Train\river\river_000046.png,river,4
..\dataset\Train\river\river_000047.png,river,4
..\dataset\Train\river\river_000048.png,river,4
..\dataset\Train\river\river_000049.png,river,4
..\dataset\Train\river\river_000051.png,river,4
..\dataset\Train\river\river_000052.png,river,4
..\dataset\Train\river\river_000054.png,river,4
..\dataset\Train\river\river_000055.png,river,4
..\dataset\Train\river\river_000057.png,river,4
..\dataset\Train\river\river_000058.png,river,4
..\dataset\Train\river\river_000059.png,river,4
..\dataset\Train\river\river_000060.png,river,4
..\dataset\Train\river\river_000061.png,river,4
..\dataset\Train\river\river_000062.png,river,4
..\dataset\Train\river\river_000064.png,river,4
..\dataset\Train\river\river_000065.png,river,4
..\dataset\Train\river\river_000066.png,river,4
..\dataset\Train\river\river_000067.png,river,4
..\dataset\Train\river\river_000069.png,river,4
..\dataset\Train\river\river_000070.png,river,4
..\dataset\Train\river\river_000071.png,river,4
..\dataset\Train\river\river_000072.png,river,4
..\dataset\Train\river\river_000073.png,river,4
..\dataset\Train\river\river_000074.png,river,4
..\dataset\Train\river\river_000076.png,river,4
..\dataset\Train\river\river_000077.png,river,4
..\dataset\Train\river\river_000078.png,river,4
..\dataset\Train\river\river_000079.png,river,4
..\dataset\Train\river\river_000080.png,river,4
..\dataset\Train\river\river_000082.png,river,4
..\dataset\Train\river\river_000084.png,river,4
..\dataset\Train\river\river_000085.png,river,4
..\dataset\Train\river\river_000087.png,river,4
..\dataset\Train\river\river_000089.png,river,4
..\dataset\Train\river\river_000090.png,river,4
..\dataset\Train\river\river_000091.png,river,4
..\dataset\Train\river\river_000093.png,river,4
..\dataset\Train\river\river_000095.png,river,4
..\dataset\Train\river\river_000097.png,river,4
..\dataset\Train\river\river_000098.png,river,4
..\dataset\Train\river\river_000099.png,river,4
..\dataset\Train\river\river_000100.png,river,4
..\dataset\Train\river\river_000102.png,river,4
..\dataset\Train\river\river_000103.png,river,4
..\dataset\Train\river\river_000104.png,river,4
..\dataset\Train\river\river_000106.png,river,4
..\dataset\Train\river\river_000107.png,river,4
..\dataset\Train\river\river_000109.png,river,4
..\dataset\Train\river\river_000110.png,river,4
..\dataset\Train\river\river_000111.png,river,4
..\dataset\Train\river\river_000113.png,river,4
..\dataset\Train\river\river_000114.png,river,4
..\dataset\Train\river\river_000115.png,river,4
..\dataset\Train\river\river_000116.png,river,4
..\dataset\Train\river\river_000118.png,river,4
..\dataset\Train\river\river_000120.png,river,4
..\dataset\Train\river\river_000121.png,river,4
..\dataset\Train\river\river_000122.png,river,4
..\dataset\Train\river\river_000123.png,river,4
..\dataset\Train\river\river_000125.png,river,4
..\dataset\Train\river\river_000128.png,river,4
..\dataset\Train\river\river_000130.png,river,4
..\dataset\Train\river\river_000131.png,river,4
..\dataset\Train\river\river_000132.png,river,4
..\dataset\Train\river\river_000134.png,river,4
..\dataset\Train\river\river_000135.png,river,4
..\dataset\Train\river\river_000136.png,river,4
..\dataset\Train\river\river_000137.png,river,4
..\dataset\Train\river\river_000138.png,river,4
..\dataset\Train\river\river_000139.png,river,4
..\dataset\Train\river\river_000143.png,river,4
..\dataset\Train\river\river_000145.png,river,4
..\dataset\Train\river\river_000148.png,river,4
..\dataset\Train\river\river_000150.png,river,4
..\dataset\Train\river\river_000151.png,river,4
..\dataset\Train\river\river_000153.png,river,4
..\dataset\Train\river\river_000154.png,river,4
..\dataset\Train\river\river_000155.png,river,4
..\dataset\Train\river\river_000157.png,river,4
..\dataset\Train\river\river_000158.png,river,4
..\dataset\Train\river\river_000159.png,river,4
..\dataset\Train\river\river_000161.png,river,4
..\dataset\Train\river\river_000162.png,river,4
..\dataset\Train\river\river_000164.png,river,4
..\dataset\Train\river\river_000165.png,river,4
..\dataset\Train\river\river_000166.png,river,4
..\dataset\Train\river\river_000167.png,river,4
..\dataset\Train\river\river_000168.png,river,4
..\dataset\Train\river\river_000169.png,river,4
..\dataset\Train\river\river_000170.png,river,4
..\dataset\Train\river\river_000173.png,river,4
..\dataset\Train\river\river_000174.png,river,4
..\dataset\Train\river\river_000178.png,river,4
..\dataset\Train\river\river_000181.png,river,4
..\dataset\Train\river\river_000184.png,river,4
..\dataset\Train\river\river_000185.png,river,4
..\dataset\Train\river\river_000187.png,river,4
..\dataset\Train\river\river_000189.png,river,4
..\dataset\Train\river\river_000190.png,river,4
..\dataset\Train\river\river_000191.png,river,4
..\dataset\Train\river\river_000192.png,river,4
..\dataset\Train\river\river_000194.png,river,4
..\dataset\Train\river\river_000195.png,river,4
..\dataset\Train\river\river_000196.png,river,4
..\dataset\Train\river\river_000199.png,river,4
..\dataset\Train\river\river_000200.png,river,4
..\dataset\Train\river\river_000201.png,river,4
..\dataset\Train\river\river_000204.png,river,4
..\dataset\Train\river\river_000205.png,river,4
..\dataset\Train\river\river_000206.png,river,4
..\dataset\Train\river\river_000207.png,river,4
..\dataset\Train\river\river_000208.png,river,4
..\dataset\Train\river\river_000209.png,river,4
..\dataset\Train\river\river_000210.png,river,4
..\dataset\Train\river\river_000211.png,river,4
..\dataset\Train\river\river_000212.png,river,4
..\dataset\Train\river\river_000213.png,river,4
..\dataset\Train\river\river_000214.png,river,4
..\dataset\Train\river\river_000216.png,river,4
..\dataset\Train\river\river_000217.png,river,4
..\dataset\Train\river\river_000218.png,river,4
..\dataset\Train\river\river_000219.png,river,4
..\dataset\Train\river\river_000220.png,river,4
..\dataset\Train\river\river_000221.png,river,4
..\dataset\Train\river\river_000222.png,river,4
..\dataset\Train\river\river_000223.png,river,4
..\dataset\Train\river\river_000224.png,river,4
..\dataset\Train\river\river_000225.png,river,4
..\dataset\Train\river\river_000226.png,river,4
..\dataset\Train\river\river_000227.png,river,4
..\dataset\Train\river\river_000229.png,river,4
..\dataset\Train\river\river_000230.png,river,4
..\dataset\Train\river\river_000231.png,river,4
..\dataset\Train\river\river_000232.png,river,4
..\dataset\Train\river\river_000233.png,river,4
..\dataset\Train\river\river_000234.png,river,4
..\dataset\Train\river\river_000237.png,river,4
..\dataset\Train\river\river_000238.png,river,4
..\dataset\Train\river\river_000239.png,river,4
..\dataset\Train\river\river_000240.png,river,4
..\dataset\Train\river\river_000241.png,river,4
..\dataset\Train\river\river_000244.png,river,4
..\dataset\Train\river\river_000245.png,river,4
..\dataset\Train\river\river_000246.png,river,4
..\dataset\Train\river\river_000247.png,river,4
..\dataset\Train\river\river_000249.png,river,4
..\dataset\Train\river\river_000250.png,river,4
..\dataset\Train\river\river_000251.png,river,4
..\dataset\Train\river\river_000253.png,river,4
..\dataset\Train\river\river_000255.png,river,4
..\dataset\Train\river\river_000256.png,river,4
..\dataset\Train\river\river_000257.png,river,4
..\dataset\Train\river\river_000258.png,river,4
..\dataset\Train\river\river_000259.png,river,4
..\dataset\Train\river\river_000261.png,river,4
..\dataset\Train\river\river_000263.png,river,4
..\dataset\Train\river\river_000264.png,river,4
..\dataset\Train\river\river_000265.png,river,4
..\dataset\Train\river\river_000266.png,river,4
..\dataset\Train\river\river_000269.png,river,4
..\dataset\Train\river\river_000270.png,river,4
..\dataset\Train\river\river_000271.png,river,4
..\dataset\Train\river\river_000273.png,river,4
..\dataset\Train\river\river_000276.png,river,4
..\dataset\Train\river\river_000278.png,river,4
..\dataset\Train\river\river_000280.png,river,4
..\dataset\Train\river\river_000282.png,river,4
..\dataset\Train\river\river_000285.png,river,4
..\dataset\Train\river\river_000287.png,river,4
..\dataset\Train\river\river_000289.png,river,4
..\dataset\Train\river\river_000291.png,river,4
..\dataset\Train\river\river_000293.png,river,4
..\dataset\Train\river\river_000294.png,river,4
..\dataset\Train\river\river_000297.png,river,4
..\dataset\Train\river\river_000298.png,river,4
..\dataset\Train\river\river_000299.png,river,4
..\dataset\Train\river\river_000300.png,river,4
..\dataset\Train\river\river_000301.png,river,4
..\dataset\Train\river\river_000303.png,river,4
..\dataset\Train\river\river_000304.png,river,4
..\dataset\Train\river\river_000306.png,river,4
..\dataset\Train\river\river_000308.png,river,4
..\dataset\Train\river\river_000309.png,river,4
..\dataset\Train\river\river_000310.png,river,4
..\dataset\Train\river\river_000311.png,river,4
..\dataset\Train\river\river_000314.png,river,4
..\dataset\Train\river\river_000316.png,river,4
..\dataset\Train\river\river_000317.png,river,4
..\dataset\Train\river\river_000318.png,river,4
..\dataset\Train\river\river_000319.png,river,4
..\dataset\Train\river\river_000320.png,river,4
..\dataset\Train\river\river_000323.png,river,4
..\dataset\Train\river\river_000324.png,river,4
..\dataset\Train\river\river_000326.png,river,4
..\dataset\Train\river\river_000328.png,river,4
..\dataset\Train\river\river_000329.png,river,4
..\dataset\Train\river\river_000330.png,river,4
..\dataset\Train\river\river_000331.png,river,4
..\dataset\Train\river\river_000332.png,river,4
..\dataset\Train\river\river_000333.png,river,4
..\dataset\Train\river\river_000334.png,river,4
..\dataset\Train\river\river_000335.png,river,4
..\dataset\Train\river\river_000336.png,river,4
..\dataset\Train\river\river_000337.png,river,4
..\dataset\Train\river\river_000338.png,river,4
..\dataset\Train\river\river_000339.png,river,4
..\dataset\Train\river\river_000341.png,river,4
..\dataset\Train\river\river_000342.png,river,4
..\dataset\Train\river\river_000343.png,river,4
..\dataset\Train\river\river_000347.png,river,4
..\dataset\Train\river\river_000348.png,river,4
..\dataset\Train\river\river_000349.png,river,4
..\dataset\Train\river\river_000350.png,river,4
..\dataset\Train\river\river_000351.png,river,4
..\dataset\Train\river\river_000352.png,river,4
..\dataset\Train\river\river_000353.png,river,4
..\dataset\Train\river\river_000354.png,river,4
..\dataset\Train\river\river_000355.png,river,4
..\dataset\Train\river\river_000356.png,river,4
..\dataset\Train\river\river_000357.png,river,4
..\dataset\Train\river\river_000358.png,river,4
..\dataset\Train\river\river_000359.png,river,4
..\dataset\Train\river\river_000360.png,river,4
..\dataset\Train\river\river_000361.png,river,4
..\dataset\Train\river\river_000362.png,river,4
..\dataset\Train\river\river_000363.png,river,4
..\dataset\Train\river\river_000364.png,river,4
..\dataset\Train\river\river_000365.png,river,4
..\dataset\Train\river\river_000368.png,river,4
..\dataset\Train\river\river_000369.png,river,4
..\dataset\Train\river\river_000372.png,river,4
..\dataset\Train\river\river_000373.png,river,4
..\dataset\Train\river\river_000374.png,river,4
..\dataset\Train\river\river_000376.png,river,4
..\dataset\Train\river\river_000377.png,river,4
..\dataset\Train\river\river_000378.png,river,4
..\dataset\Train\river\river_000380.png,river,4
..\dataset\Train\river\river_000381.png,river,4
..\dataset\Train\river\river_000383.png,river,4
..\dataset\Train\river\river_000385.png,river,4
..\dataset\Train\river\river_000386.png,river,4
..\dataset\Train\river\river_000387.png,river,4
..\dataset\Train\river\river_000389.png,river,4
..\dataset\Train\river\river_000390.png,river,4
..\dataset\Train\river\river_000393.png,river,4
..\dataset\Train\river\river_000395.png,river,4
..\dataset\Train\river\river_000396.png,river,4
..\dataset\Train\river\river_000397.png,river,4
..\dataset\Train\river\river_000398.png,river,4
..\dataset\Train\river\river_000400.png,river,4
..\dataset\Train\river\river_000402.png,river,4
..\dataset\Train\river\river_000404.png,river,4
..\dataset\Train\river\river_000406.png,river,4
..\dataset\Train\river\river_000407.png,river,4
..\dataset\Train\river\river_000409.png,river,4
..\dataset\Train\river\river_000410.png,river,4
..\dataset\Train\river\river_000411.png,river,4
..\dataset\Train\river\river_000412.png,river,4
..\dataset\Train\river\river_000414.png,river,4
..\dataset\Train\river\river_000415.png,river,4
..\dataset\Train\river\river_000416.png,river,4
..\dataset\Train\river\river_000417.png,river,4
..\dataset\Train\river\river_000418.png,river,4
..\dataset\Train\river\river_000420.png,river,4
..\dataset\Train\river\river_000421.png,river,4
..\dataset\Train\river\river_000425.png,river,4
..\dataset\Train\river\river_000426.png,river,4
..\dataset\Train\river\river_000427.png,river,4
..\dataset\Train\river\river_000428.png,river,4
..\dataset\Train\river\river_000429.png,river,4
..\dataset\Train\river\river_000430.png,river,4
..\dataset\Train\river\river_000431.png,river,4
..\dataset\Train\river\river_000432.png,river,4
..\dataset\Train\river\river_000433.png,river,4
..\dataset\Train\river\river_000434.png,river,4
..\dataset\Train\river\river_000436.png,river,4
..\dataset\Train\river\river_000438.png,river,4
..\dataset\Train\river\river_000439.png,river,4
..\dataset\Train\river\river_000441.png,river,4
..\dataset\Train\river\river_000442.png,river,4
..\dataset\Train\river\river_000443.png,river,4
..\dataset\Train\river\river_000445.png,river,4
..\dataset\Train\river\river_000446.png,river,4
..\dataset\Train\river\river_000447.png,river,4
..\dataset\Train\river\river_000450.png,river,4
..\dataset\Train\river\river_000451.png,river,4
..\dataset\Train\river\river_000452.png,river,4
..\dataset\Train\river\river_000453.png,river,4
..\dataset\Train\river\river_000456.png,river,4
..\dataset\Train\river\river_000457.png,river,4
..\dataset\Train\river\river_000458.png,river,4
..\dataset\Train\river\river_000459.png,river,4
..\dataset\Train\river\river_000460.png,river,4
..\dataset\Train\river\river_000462.png,river,4
..\dataset\Train\river\river_000463.png,river,4
..\dataset\Train\river\river_000464.png,river,4
..\dataset\Train\river\river_000466.png,river,4
..\dataset\Train\river\river_000468.png,river,4
..\dataset\Train\river\river_000469.png,river,4
..\dataset\Train\river\river_000471.png,river,4
..\dataset\Train\river\river_000472.png,river,4
..\dataset\Train\river\river_000473.png,river,4
..\dataset\Train\river\river_000474.png,river,4
..\dataset\Train\river\river_000478.png,river,4
..\dataset\Train\river\river_000480.png,river,4
..\dataset\Train\river\river_000481.png,river,4
..\dataset\Train\river\river_000482.png,river,4
..\dataset\Train\river\river_000483.png,river,4
..\dataset\Train\river\river_000484.png,river,4
..\dataset\Train\river\river_000485.png,river,4
..\dataset\Train\river\river_000486.png,river,4
..\dataset\Train\river\river_000491.png,river,4
..\dataset\Train\river\river_000493.png,river,4
..\dataset\Train\river\river_000494.png,river,4
..\dataset\Train\river\river_000495.png,river,4
..\dataset\Train\river\river_000496.png,river,4
..\dataset\Train\river\river_000497.png,river,4
..\dataset\Train\river\river_000498.png,river,4
..\dataset\Train\river\river_000499.png,river,4
